#{"t_start": 1686230917.0456674, "env_id": "SpaceInvadersNoFrameskip-v4"}
r,l,t
415.0,4488,69.356773
135.0,2568,76.868006
80.0,1938,83.45689
80.0,1938,89.096592
80.0,1938,96.098919
80.0,1938,103.160523
