#{"t_start": 1686231335.9632435, "env_id": "SpaceInvadersNoFrameskip-v4"}
r,l,t
85.0,1990,5.600651
155.0,2134,11.313048
